2026-01-27,https://www.egypt-business.com,Phone: 1072286940
2026-01-27,https://www.kuwait-directory.com,No Data Found
2026-01-27,https://www.jafza.ae,Price: 1$ | Phone: 1768405820
2026-01-27,https://www.hfza.ae,Phone: 45556962239769 | Email: info@hfza.ae
2026-01-27,https://www.rakfz.com,No Data Found
2026-01-27,https://www.gafi.gov.eg,Price: 777$ | Phone: 63734684424250 | Email: ahmed.hashem@gafinet.org.eg
2026-01-27,https://www.egyptrealestate.com,No Data Found
2026-01-27,https://www.bayut.com,Phone: 0123456789
2026-01-27,https://www.propertyfinder.ae,Phone: +9718007346337
2026-01-27,https://www.fedex.com/en-eg,Phone: 1769480348
2026-01-27,https://www.bosta.co,No Data Found
2026-01-27,https://www.mylerz.com,Phone: 59277170305654 | Email: mkfh1999@gmail.com
2026-01-27,https://www.shipblu.com,Phone: 6469455066 | Email: help@shipblu.com
2026-01-27,https://www.trella.app,Email: contact@trella.app
2026-01-27,https://www.egyptexpress.com.eg,No Data Found
2026-01-27,https://www.panalpina.com,Phone: 4827586207
2026-01-27,https://www.kuehne-nagel.com,Phone: 20085888091874
2026-01-27,https://www.dbschenker.com,Phone: 4864541780
2026-01-27,https://www.agility.com,Phone: 69782011510366
2026-01-27,https://www.maersk.com/local-information/egypt,Phone: 19892400114 | Email: maerskgosupport@maersk.com
2026-01-27,https://www.coscoshipping.com,Phone: 67360744682863
2026-01-27,https://www.hapag-lloyd.com,Phone: 26011315030118
2026-01-27,https://www.evergreen-marine.com,Phone: 1769255320023
2026-01-27,https://www.yangming.com,Phone: 2144895624
2026-01-27,https://www.one-line.com,Phone: 3514651731
2026-01-27,https://www.zim.com,Phone: 10327251022105 | Email: nl.booking@zim.com
2026-01-27,https://www.arkas.com.tr,Email: arkasizm@arkas.com.tr
2026-01-27,https://www.tarros.it,Phone: 333333333333
2026-01-27,https://www.messinaline.it,Phone: 20211012174149
2026-01-27,https://www.grimaldi.napoli.it,Phone: 1768305271
2026-01-27,https://www.fmc-corp.com,No Data Found
2026-01-27,https://www.maridivegroup.com,No Data Found
2026-01-27,https://www.emcoegypt.com,Phone: 1767649222 | Email: info.shield@emcoegypt.com
2026-01-27,https://www.kadmar.com,Phone: 11939053272886 | Email: general@kadmar.com
2026-01-27,https://www.sharafshipping.com,Price: 00$
2026-01-27,https://www.wilhelmsen.com,Phone: 17486982654432
2026-01-27,https://www.inchcape.com,Phone: 484499014693
2026-01-27,https://www.iss-shipping.com,Email: enquiries@iss-shipping.com
2026-01-27,https://www.kanoo.com,Price: 7SAR | Phone: 66666666666667 | Email: Artboard-1@3x.png
2026-01-27,https://www.columbia-shipmanagement.com,Phone: 1769431263
2026-01-27,https://www.fleetship.com,Phone: 0518902571
2026-01-27,https://www.angloeastern.com,Phone: 1590207869815
2026-01-27,https://www.wallem.com,Phone: 36986301369863
2026-01-27,https://www.osmthome.com,Phone: 2472979268
2026-01-27,https://www.savola.com,Phone: 17853528784018 | Email: info@savola.com
2026-01-27,https://www.almarai.com,Phone: 98202282327
2026-01-27,https://www.halwani.com.eg,Email: webmaster@halwani.com.eg
2026-01-27,https://www.elrashidi.com,No Data Found
2026-01-27,https://www.daltexcorp.com,Phone: 3333333333333 | Email: employees@2x-150x150.png
2026-01-27,https://www.magrabi-agriculture.com,No Data Found
2026-01-27,https://www.wadygroup.com,Phone: 226618464330 | Email: info@wadygroup.com
2026-01-27,https://www.juhayna.com,Price: 1$ | Phone: 1769351018
2026-01-27,https://www.lamar-egypt.com,No Data Found
2026-01-27,https://www.obourland.com,Phone: 1766376213
2026-01-27,https://www.pg.com/en_EG,Phone: 1805372347
2026-01-27,https://www.reckitt.com,Phone: 3919982765
2026-01-27,https://www.johnsonandjohnson.com,Phone: 47651895314699
2026-01-27,https://www.mars.com,Phone: 9317928296
2026-01-27,https://www.mondelezinternational.com,Price: 4EGP | Phone: 3647282351138
2026-01-27,https://www.pepsico.com,Phone: 710051889524
2026-01-27,https://www.ferrero.com,Phone: 1768585717
2026-01-27,https://www.bimbo.com.mx,No Data Found
2026-01-27,https://www.mccain.com,Phone: 1082205004
2026-01-27,https://www.frieslandcampina.com,Phone: 1234567890
2026-01-27,https://www.arla.com,Phone: 1289763495 | Email: arla-logo@2x.02d13ae2.png
2026-01-27,https://www.kraftheinzcompany.com,No Data Found
2026-01-27,https://www.generalmills.com,Phone: 5741868650
2026-01-27,https://www.hormelfoods.com,Phone: 1768255936
2026-01-27,https://www.tysonfoods.com,Phone: 3024614585
2026-01-27,https://www.smithfieldfoods.com,Phone: 4722222222
2026-01-27,https://www.jbs.com.br,Phone: 2147203201
2026-01-27,https://www.cibeg.com,No Data Found
2026-01-27,https://www.banquemisr.com,Phone: 0123456789 | Email: BM19888@banquemisr.com
2026-01-27,https://www.nbe.com.eg,Phone: 10623519239152
2026-01-27,https://www.aaib.com,Price: 5 EGP | Phone: 1591020071 | Email: inquiry@aaib.com
2026-01-27,https://www.eg-bank.com,Phone: 40812370627424
2026-01-27,https://www.faisalbank.com.eg,Phone: 10111011111010
2026-01-27,https://www.housing-bank.com,No Data Found
2026-01-27,https://www.abkegypt.com,Phone: 63905077393740
2026-01-27,https://www.adib.eg,Phone: 62504609131759
2026-01-27,https://www.eginsurance.com,No Data Found
2026-01-27,https://www.misrins.com.eg,Phone: 1652741166 | Email: call_center@misrins.com.eg
2026-01-27,https://www.allianz.com.eg,Phone: 58169437062 | Email: chairman@allianz.com.eg
2026-01-27,https://www.axa-egypt.com,Phone: 1769089726952
2026-01-27,https://www.gig.com.eg,Phone: 16641880731664 | Email: mail@gig.com.eg
2026-01-27,https://www.chubb.com/eg-en,Phone: 1342439489
2026-01-27,https://www.sarwa.capital,Phone: 0612703613069
2026-01-27,https://www.efg-hermes.com,No Data Found
2026-01-27,https://www.ci-capital.com,Phone: 202503171453 | Email: contact@fkadjkhsf.co
2026-01-27,https://www.beltonefinancial.com,Email: IR@beltoneholding.com
2026-01-27,https://www.naeemholding.com,Phone: 1765969513
2026-01-27,https://www.pioneers-holding.com,No Data Found
2026-01-27,https://www.arabyads.com,Phone: 1769480664 | Email: info@arabyads.com
2026-01-27,https://www.kashier.io,Phone: 17603910086152 | Email: support@kashier.io
2026-01-27,https://www.moneyfellows.com,Price: 1,200,000 EGP | Phone: 2147483647
2026-01-27,https://www.thndr.app,Phone: 1745740201
2026-01-27,https://www.sympl.ai,Price: 150EGP | Phone: 1769380465
2026-01-27,https://www.maxab.io,Phone: 666666666667 | Email: info@maxab.io
2026-01-27,https://www.rabbitmart.com,Phone: 1762756759 | Email: waya-logo@3x.png
2026-01-27,https://www.instabug.com,Phone: 2404223839 | Email: support@luciq.ai
2026-01-27,https://www.vezeeta.com,Phone: 36613276348746 | Email: customercare.ksa@vezeeta.com
2026-01-27,https://www.yodawy.com,No Data Found
2026-01-27,https://www.elmenus.com,Phone: 13094974695175 | Email: guest@elmenus.com
2026-01-27,https://www.swvl.com,Phone: 8479274177 | Email: business@swvl.com
2026-01-27,https://www.trella.app,Email: contact@trella.app
2026-01-27,https://www.cleopatrahospitals.com,Phone: 1758725188964
2026-01-27,https://www.daralfouad.org,Phone: 1747217859
2026-01-27,https://www.vacsera.com,No Data Found
2026-01-27,https://www.eipico.com.eg,Price: 00$ | Phone: 63861061996520 | Email: eipico@eipico.com.eg
2026-01-27,https://www.minapharm.com,Phone: 33908909211586
2026-01-27,https://www.amoun.com,Phone: 1801016776
2026-01-27,https://www.pharco.org,No Data Found
2026-01-27,https://www.marcyrl.com,Email: info@marcyrlgp.com
2026-01-27,https://www.globalnapi.com,Phone: 68938629045
2026-01-27,https://www.hikma.com,Phone: 63904428484000
2026-01-27,https://www.sanofi.com.eg,Phone: 71428571428571 | Email: Pharmacovigilance.EG@sanofi.com
2026-01-27,https://www.novartis.com.eg,Phone: 2811489297
2026-01-27,https://www.gsk.com,Phone: 3333333333
2026-01-27,https://www.astrazeneca.com,No Data Found
2026-01-27,https://www.abbott.com,Phone: 1834991487
2026-01-27,https://www.merckgroup.com,Phone: 7842899024219
2026-01-27,https://www.johnsonandjohnson.com,Phone: 47651895314699
2026-01-27,https://www.57357.org,Price: 50 جنيه | Phone: 57142857142857 | Email: info@57357.org
2026-01-27,https://www.resala.org,Phone: 1769480873
2026-01-27,https://www.prime-health.com,Phone: 12071353580
2026-01-27,https://www.nextcarehealth.com,Phone: 1039800748
2026-01-27,https://www.globemedegypt.com,Phone: +201066669888
2026-01-27,https://www.metlife.eg,Phone: 1065774769
2026-01-27,https://www.aucegypt.edu,Phone: 11162972450256
2026-01-27,https://www.guc.edu.eg,Price: 00$ | Phone: 00441213903766
2026-01-27,https://www.bue.edu.eg,Email: info@bue.edu.eg
2026-01-27,https://www.must.edu.eg,Phone: 1689158459 | Email: Info@must.edu.eg
2026-01-27,https://www.msa.edu.eg,Phone: 1768638390 | Email: info@msa.edu.eg
2026-01-27,https://www.fue.edu.eg,Phone: 10699009970398
2026-01-27,https://www.acu.edu.eg,Price: 00$ | Phone: 63905084960730
2026-01-27,https://www.zewailcity.edu.eg,Phone: 4968201902
2026-01-27,https://www.aast.edu,Phone: 1000100031
2026-01-27,https://www.cu.edu.eg,No Data Found
2026-01-27,https://www.asu.edu.eg,Phone: 10033439130995
2026-01-27,https://www.alexu.edu.eg,Phone: 24950173239628 | Email: president@alexu.edu.eg
2026-01-27,https://www.mans.edu.eg,Phone: 1615275103741
2026-01-27,https://www.travco.com,No Data Found
2026-01-27,https://www.azadea.com,Phone: 1769476790711
2026-01-27,https://www.pickalbatros.com,Phone: 82145453595
2026-01-27,https://www.jazhotels.com,Phone: 955444051443 | Email: info@jazhotels.com
2026-01-27,https://www.sunrise-resorts.com,Phone: 1765217436
2026-01-27,https://www.hilton.com/en/locations/egypt,Phone: 10329260115094
2026-01-27,https://www.accor.com/en/destinations/egypt,Phone: 4469335931 | Email: groupwebsite.globalcommunications@accor.com
2026-01-27,https://www.fourseasons.com/egypt,Phone: 0013853232
2026-01-27,https://www.orascomdh.com,Phone: 6082196239
2026-01-27,https://www.somabay.com,Phone: 1768086353
2026-01-27,https://www.elgouna.com,Phone: 8970442276 | Email: example@example.com
2026-01-27,https://www.sahlhasheesh.com,Phone: 6978231513
2026-01-27,https://www.sumed.org,Phone: 10346043792691
2026-01-27,https://www.ganope.com,Phone: 16893359874347
2026-01-27,https://www.echem-eg.com,Phone: 9999999999
2026-01-27,https://www.enppi.com,No Data Found
2026-01-27,https://www.suezcanal.gov.eg,Price: 113$ | Phone: 63781180122927
2026-01-27,https://www.nrea.gov.eg,No Data Found
2026-01-27,https://www.eehc.gov.eg,No Data Found
2026-01-27,https://www.mansourgroup.com,Phone: 1676300970974 | Email: mansour-mancapital-2@2x.jpg
2026-01-27,https://www.nissan.com.eg,Phone: 3333333333
2026-01-27,https://www.hyundai-egypt.com,Phone: 1710749543969
2026-01-27,https://www.smart-transportation.com,Phone: 946980226982 | Email: contact@smart-transportation.com
2026-01-27,https://www.indriver.com,Phone: 2284821461 | Email: support@indrive.com
2026-01-27,https://www.spinneys-egypt.com,Phone: 1768465822930
2026-01-27,https://www.seoudi.com,Email: marketing@seoudi.com
2026-01-27,https://www.hyperone.com.eg,Phone: 1769346624278
2026-01-27,https://www.bim.eg,No Data Found
2026-01-27,https://www.el-araby.com,Phone: 0539178214
2026-01-27,https://www.fresh.com.eg,Price: 000 جنيه | Phone: 201206555516 | Email: customer.service@fresh.com.eg
2026-01-27,https://www.kiriazi.com,Phone: 01015999995 | Email: kiriazi@kiriazi.com
2026-01-27,https://www.unionaire.com,Phone: 1333333333333 | Email: Artboard-1@2x-6.webp
2026-01-27,https://www.olympic-electric.com,Phone: 1627825878
2026-01-27,https://www.btech.com,Price: 333 جنيه | Phone: 9745706895
2026-01-27,https://www.2b.com.eg,Phone: 1769389725 | Email: mailname@abcd.com
2026-01-27,https://www.jumia.com.eg,Price: 299 EGP | Phone: 41365285909294
2026-01-27,https://www.dubizzle.com.eg,Price: 600$ | Phone: 00000000000000 | Email: mohamedhuss26@yahoo.com
2026-01-27,https://www.yallakora.com,Phone: 52557401779212
2026-01-27,https://www.filgoal.com,Phone: 17262366976358
2026-01-27,https://www.maspero.eg,Price: 720 جنيه | Phone: 13851492955603
2026-01-27,https://www.ahram.org.eg,Price: 00$ | Phone: 22976615023
2026-01-27,https://www.akhbarelyom.com,Price: 90 جنيه | Phone: 4496866972503
2026-01-27,https://www.youm7.com,Price: 480 جنيه | Phone: 17192090383227
2026-01-27,https://www.shorouknews.com,Price: 00$ | Phone: 23923649174763
2026-01-27,https://www.almasryalyoum.com,Phone: 15117122497522
2026-01-27,https://www.vetogate.com,Price: 70 جنيه | Phone: 28847600119695
2026-01-27,https://www.elfagr.org,Phone: 17311294883934
2026-01-27,https://www.jwt.com/egypt,Phone: 619693651168 | Email: name@domain.com
2026-01-27,https://www.pwc.com/eg,Phone: 92234952929
2026-01-27,https://www.deloitte.com/eg,Phone: 39157304429940
2026-01-27,https://www.ey.com/en_eg,Phone: 2750188925 | Email: contact@ey.com
2026-01-27,https://www.kpmg.com/eg,Phone: 83825229207521
2026-01-27,https://www.bain.com,Phone: 63904828758209
2026-01-27,https://www.zulficarpartners.com,Phone: 07142006614015 | Email: mail@zulficarpartners.com
2026-01-27,https://www.matoukbassiouny.com,Phone: 1768415436 | Email: chosen-sprite@2x.png
2026-01-27,https://www.sharkawylaw.com,Phone: 92050825905
2026-01-27,https://www.ecgsa.com,Phone: 1758108645
2026-01-27,https://www.dar.com,Phone: 26012208294598
2026-01-27,https://www.khatibalami.com,Phone: 31850686899684
2026-01-27,https://www.inter-consult.com,Price: 0$ | Phone: 1411097756 | Email: 605a7baede844d278b89dc95ae0a9123@sentry-next.wixpress.com
2026-01-27,https://www.egis-group.com,Phone: 02597402597402
2026-01-27,https://www.okoplan.com,No Data Found
2026-01-27,https://www.mallofegypt.com,Phone: 50484536383 | Email: info.moegdesk@maf.ae
2026-01-27,https://www.citycentrealmaza.com,Phone: 1769481485
2026-01-27,https://www.citycentremaadi.com,Phone: 1769481487
2026-01-27,https://www.qalaaholdings.com,Phone: 03062025084751
2026-01-27,https://www.orascomih.com,No Data Found
2026-01-27,https://www.mansourgroup.com,Phone: 1676300970974 | Email: mansour-mancapital-2@2x.jpg
2026-01-27,https://www.amer-group.com,Phone: 1605378224186 | Email: logo@2x.png
2026-01-27,https://www.porto-group.com,Phone: 33333333333333
2026-01-27,https://www.pioneers-holding.com,No Data Found
2026-01-27,https://www.naeemholding.com,Phone: 1765969513
2026-01-27,https://www.kandil.com,Email: Kandil@kandil.com
2026-01-27,https://www.national-steel.com,Phone: 1689143396029 | Email: Info@national-steel.com
2026-01-27,https://www.delta-steel.com,No Data Found
2026-01-27,https://www.oriental-weavers.com,No Data Found
2026-01-27,https://www.scibpaints.com,Phone: 26022209066576 | Email: myname@gmail.com
2026-01-27,https://www.kapci.com,Phone: 7428571428571 | Email: LOGO-1@2x-66x66.png
2026-01-27,https://www.jotun.com/eg-en,No Data Found
2026-01-27,https://www.elrashidi.com,No Data Found
2026-01-27,https://www.asfourcrystal.com,Phone: 28538744097629 | Email: arifai@egyweb.com
2026-01-27,https://www.technogroup-eg.com,Phone: 17671013983395
2026-01-27,https://www.samcrete.com,Phone: 10005748036988 | Email: 357@2x.png
2026-01-27,https://www.siac.com.eg,Phone: 14738921660311 | Email: logo-dark@2x.png
2026-01-27,https://www.dorra.com,Phone: 1769481498
2026-01-27,https://www.mideast-construction.com,Email: sample@email.com
2026-01-27,https://www.pif.gov.sa,Phone: 63905078276527
2026-01-27,https://www.neom.com,Phone: 7222222222
2026-01-27,https://www.daralarkan.com,Phone: 20170626083737
2026-01-27,https://www.alrajhibank.com.sa,Phone: 4559770262 | Email: care@alrajhibank.com.sa
2026-01-27,https://www.bankalbilad.com,Price: 138$ | Phone: 0123456789
2026-01-27,https://www.anb.com.sa,Phone: 1704879796675
2026-01-27,https://www.stc.com.sa,Phone: 00966114555555
2026-01-27,https://www.mobily.com.sa,Phone: 1769085246569
2026-01-27,https://www.maaden.com.sa,Phone: 1232412342 | Email: parkers@maaden.com.sa
2026-01-27,https://www.sabic.com,No Data Found
2026-01-27,https://www.sama.gov.sa,Price: 00$ | Phone: 6761224227
2026-01-27,https://www.mcit.gov.sa,Phone: 20250416090
2026-01-27,https://www.bahri.sa,Phone: 20260127024144 | Email: facebook_white@1x.svg
2026-01-27,https://www.saudia.com,No Data Found
2026-01-27,https://www.saptco.com.sa,Phone: 12126156458223 | Email: info@saptco.com.sa
2026-01-27,https://www.se.com.sa,Phone: 1621621622
2026-01-27,https://www.yanbucement.com,Phone: 1760962041 | Email: customercare@ycc.sa
2026-01-27,https://www.citycement.sa,Phone: +966920004324 | Email: Info@CityCement.sa
2026-01-27,https://www.joufcem.com.sa,Phone: 1763038034 | Email: info@joufcem.com.sa
2026-01-27,https://www.najrancement.com,Phone: 1262339334
2026-01-27,https://www.arabiancement.com,Phone: 1765367110282
2026-01-27,https://www.aljouf.com.sa,Phone: 3042190404 | Email: info@aljouf.com.sa
2026-01-27,https://www.alkhorayef.com,Phone: 1742295596
2026-01-27,https://www.zamilindustrial.com,Phone: 2085660891 | Email: info@senaat.com
2026-01-27,https://www.saudiceramics.com,Phone: 333333333333
2026-01-27,https://www.jarir.com,Phone: +966920000089
2026-01-27,https://www.extra.com,Price: 65$ | Phone: 43203431752009 | Email: name@example.com
2026-01-27,https://www.saudigazette.com.sa,Phone: 1517901978168
2026-01-27,https://www.arabnews.com,Phone: 10250877124
2026-01-27,https://www.okaz.com.sa,Phone: 89999961853027 | Email: 01d@2x.png
2026-01-27,https://www.alriyadh.com,Phone: 2019856840
2026-01-27,https://www.adnoc.ae,Phone: 84442208386377
2026-01-27,https://www.mubadala.com,Phone: 63905078604412 | Email: contact@mubadala.ae
2026-01-27,https://www.adq.ae,Phone: 41666666666666 | Email: investorrelations@adq.ae
2026-01-27,https://www.etisalat.ae,Phone: 6269957757
2026-01-27,https://www.du.ae,Phone: 0976285313
2026-01-27,https://www.emaar.com,Phone: 1445056033
2026-01-27,https://www.aldar.com,Phone: 49965378296 | Email: customercare@aldar.com
2026-01-27,https://www.nakheel.com,Phone: 63883466872000
2026-01-27,https://www.damacproperties.com,Phone: +97145205400 | Email: connect@damacgroup.com
2026-01-27,https://www.dpworld.com,Phone: 6675782628 | Email: andrew.taylor@dpworld.com
2026-01-27,https://www.dubaiairports.ae,Phone: 1778079685
2026-01-27,https://www.airarabia.com,Phone: 63905078681655
2026-01-27,https://www.taqa.com,Phone: 68616527610
2026-01-27,https://www.masdar.ae,Phone: 0121760320 | Email: info@masdar.ae
2026-01-27,https://www.jafza.ae,Price: 1$ | Phone: 1768405820
2026-01-27,https://www.dmcc.ae,Phone: 179783912332 | Email: setup@dmcc.ae
2026-01-27,https://www.dubaichamber.com,Phone: 1769299961662
2026-01-27,https://www.abudhabichamber.ae,Phone: 930485124338 | Email: contact.us@adcci.gov.ae
2026-01-27,https://www.difc.ae,Phone: +97143622222
2026-01-27,https://www.adgm.com,Phone: 1745817733773
2026-01-27,https://www.dubaiculture.gov.ae,Phone: 20260127064517
2026-01-27,https://www.dubaiholding.com,Phone: 40513192116
2026-01-27,https://www.meraas.com,Phone: 56717415883
2026-01-27,https://www.wasl.ae,Phone: 97512215282
2026-01-27,https://www.rakproperties.ae,Phone: 1763013496
2026-01-27,https://www.alhamra.ae,Phone: 44156862340729
2026-01-27,https://www.sobha.com,Phone: 15561001142019
2026-01-27,https://www.omniyat.com,Phone: 18162858497469
2026-01-27,https://www.mag.global,Phone: 2160000000
2026-01-27,https://www.binghatti.com,Email: SALES@BINGHATTI.COM
2026-01-27,https://www.unionproperties.com,Price: 2,000,000 USD | Phone: 11194840153
2026-01-27,https://www.aldar.com,Phone: 49965378296 | Email: customercare@aldar.com
2026-01-27,https://www.bloomholding.com,Phone: 12469662991854
2026-01-27,https://www.imkan.ae,Email: hello@imkan.ae
2026-01-27,https://www.modon.ae,Phone: 11339056685566
2026-01-27,https://www.eskan.ae,No Data Found
2026-01-27,https://www.adcb.com,Phone: 10329260115094
2026-01-27,https://www.oq.com,Phone: 4871613680
2026-01-27,https://www.pdo.co.om,Price: 077$ | Phone: 63894235480531
2026-01-27,https://www.omantel.om,Phone: 1764808987000
2026-01-27,https://www.ooredoo.om,Phone: 1765867416 | Email: customerservice@ooredoo.om
2026-01-27,https://www.asyad.om,No Data Found
2026-01-27,https://www.omanair.com,Phone: 1826521311 | Email: Image@2x.avif
2026-01-27,https://www.bankmuscat.com,Price: 337$ | Phone: 10847664298 | Email: care@bankmuscat.com
2026-01-27,https://www.nbo.om,Price: 687$ | Phone: 63856341577355
2026-01-27,https://www.bankdhofar.com,Phone: 14143569597339
2026-01-27,https://www.omran.om,Phone: 508297107385
2026-01-27,https://www.bapco.net,Phone: 17694820841230
2026-01-27,https://www.batelco.com,Phone: 3312016800
2026-01-27,https://www.stc.com.bh,Price: 2.65 USD | Phone: 9779488594303 | Email: Store-Holder-Global-Hover@1x.png
2026-01-27,https://www.gulfair.com,Phone: 79547846169551
2026-01-27,https://www.bisb.com,Phone: 9312802254
2026-01-27,https://www.rj.com,Phone: 63905078932780
2026-01-27,https://www.orange.jo,Phone: 962777700177
2026-01-27,https://www.zain.com.jo,Phone: 43800185912963
2026-01-27,https://www.umniah.com,Phone: 080908935384 | Email: Home-Page-Personal-Hero-Banner-Size-1920x700@3x-scaled-1.webp
2026-01-27,https://www.arabbank.com,Phone: 49649539750578
2026-01-27,https://www.hikma.com,Phone: 63904428484000
2026-01-27,https://www.manaseergroup.com,Phone: 1769482166 | Email: Feedback@manaseergroup.com
2026-01-27,https://www.nuqulgroup.com,No Data Found
2026-01-27,https://www.banagas.com.bh,Phone: 97512215282 | Email: botmanager_support@radware.com
2026-01-27,https://www.gpic.com,Phone: 10009015600320
2026-01-27,https://www.asry.net,Phone: +97317671111 | Email: info@asry.net
2026-01-27,https://www.trafco.com,No Data Found
2026-01-27,https://www.nassgroup.com,Phone: 1345373242 | Email: nassbah@batelco.com.bh
2026-01-27,https://www.omantransport.com,No Data Found
2026-01-27,https://www.salalahport.com,Phone: 665763672540
2026-01-27,https://www.duqm.gov.om,Phone: 1347874360
2026-01-27,https://www.galfar.com,Phone: 1752135946 | Email: info@yourdomain.com
2026-01-27,https://www.rayoman.com,Phone: 1627888268
2026-01-27,https://www.jacobs.com,Phone: 1769482248
2026-01-27,https://www.aecom.com,Phone: 1549074741
2026-01-27,https://www.inwi.ma,Phone: 10327251022105
2026-01-27,https://www.orange.ma,Phone: 68616527579
2026-01-27,https://www.bmcebank.com,No Data Found
2026-01-27,https://www.royalairmaroc.com,Phone: 1720702495266
2026-01-27,https://www.marsamaroc.co.ma,Phone: 202141103642
2026-01-27,https://www.sonatrach.com,Phone: 1769337018 | Email: mail@domaine.com
2026-01-27,https://www.mobilis.dz,Phone: 460417001800
2026-01-27,https://www.ooredoo.dz,Phone: 1769401185836
2026-01-27,https://www.airalgerie.dz,Phone: 1769094800
2026-01-27,https://www.groupe-hasnaoui.com,Phone: 1755699158 | Email: info@groupe-hasnaoui.com
2026-01-27,https://www.cevital.com,No Data Found
2026-01-27,https://www.biopharmdz.com,No Data Found
2026-01-27,https://www.steg.com.tn,Email: mohamedkdidi@gmail.com
2026-01-27,https://www.tunisietelecom.tn,Phone: 16666686214
2026-01-27,https://www.ooredoo.tn,Phone: 1663242036
2026-01-27,https://www.orange.tn,Phone: 30303030303030
2026-01-27,https://www.biat.com.tn,Phone: 881594367327
2026-01-27,https://www.tunisair.com.tn,Phone: 5549993158
2026-01-27,https://www.masen.ma,Phone: 1764193317061 | Email: recrutement@masen.ma
2026-01-27,https://www.onp.ma,Phone: 32397338444334 | Email: info@onp.ma
2026-01-27,https://www.ofppt.ma,Phone: 13723542161551
2026-01-27,https://www.cosumar.co.ma,Phone: 1769071034
2026-01-27,https://www.holmarcom.ma,Phone: 08333333333333 | Email: sholby@sholby.net
2026-01-27,https://www.labelvie.ma,Phone: 1665136487485
2026-01-27,https://www.bureauveritas.ma,No Data Found
2026-01-27,https://www.sgs.ma,Phone: 1801018423 | Email: contact@sigmags.ma
2026-01-27,https://www.tuv.com/morocco,Phone: 28004875913609
2026-01-27,https://www.bouygues-construction.com,Phone: 13780809423279
2026-01-27,https://www.shell.com,Phone: 1717414105810
2026-01-27,https://www.totalenergies.com,Phone: 74167780979470
2026-01-27,https://www.bp.com,Phone: 1768234731
2026-01-27,https://www.chevron.com,Phone: 63905012430632
2026-01-27,https://www.exxonmobil.com,Phone: 2026012702
2026-01-27,https://www.slb.com,Phone: 63905079240988
2026-01-27,https://www.halliburton.com,Phone: 2476934961
2026-01-27,https://www.bakerhughes.com,Phone: 797470412449
2026-01-27,https://www.nesr.com,Phone: 10006701542155 | Email: info@nesr.com
2026-01-27,https://www.siemens.com,Phone: 2016060766 | Email: 4d1f99057d177472603ecaf58f2eeee0@o4504753513824256.ingest.sentry.io
2026-01-27,https://www.ge.com,Phone: 80000000000000
2026-01-27,https://www.abb.com,No Data Found
2026-01-27,https://www.honeywell.com,Phone: 8886991292
2026-01-27,https://www.marubeni.com,Phone: 1750552423
2026-01-27,https://www.itochu.co.jp,No Data Found
2026-01-27,https://www.sumitomo-corp.com,No Data Found
2026-01-27,https://www.mitsui.com,No Data Found
2026-01-27,https://www.samsung.com,Phone: 75813249908
2026-01-27,https://www.lg.com,Phone: 36003481752337 | Email: gwgw.in@lge.com
2026-01-27,https://www.huawei.com,Phone: 20251205144752
2026-01-27,https://www.cisco.com,Phone: 22166749946210
2026-01-27,https://www.google.com,Price: 1$ | Phone: 1040196612
2026-01-27,https://www.ibm.com,Phone: 7842899024219 | Email: xxx@ccc.com
2026-01-27,https://www.hp.com,Phone: 621629746364 | Email: Mask-Group-278@2x.png
2026-01-27,https://www.apple.com,Phone: 202110180743
2026-01-27,https://www.toshiba.com,Phone: 1750704981
2026-01-27,https://www.hitachi.com,Phone: 96242538968875
2026-01-27,https://www.fujitsu.com,Phone: 7142202533
2026-01-27,https://www.nec.com,Phone: 739133254745
2026-01-27,https://www.canon.com,No Data Found
2026-01-27,https://www.ricoh.com,Phone: 63905079334738
2026-01-27,https://www.xerox.com,Phone: 1423506444
2026-01-27,https://www.3m.com,Phone: 1769482539
2026-01-27,https://www.basf.com,Phone: 7333333333 | Email: info@basf-nederland.com
2026-01-27,https://www.dupont.com,Phone: 1001100005
2026-01-27,https://www.merck.com,Phone: 1764677000
2026-01-27,https://www.novartis.com,Phone: 91328196819
2026-01-27,https://www.roche.com,Phone: 1769183980223
2026-01-27,https://www.zillow.com,Phone: 1769482557141 | Email: a0dfc4d25bb843acb944ff1d115fd1b2@o168728.ingest.sentry.io
2026-01-27,https://www.remix.com,Phone: 129419330698 | Email: support@ridewithvia.com
2026-01-27,https://www.rightmove.co.uk,Phone: 2147483647
2026-01-27,https://www.onthemarket.com,Phone: 6666666666 | Email: home-top-locations-mcguiness@2x.jpg
2026-01-27,https://www.propertyfinder.ae,Phone: +9718007346337
2026-01-27,https://www.bayut.com,Phone: 0123456789
2026-01-27,https://www.dubizzle.com,No Data Found
2026-01-27,https://www.zaahib.com,Phone: 54934261908022
2026-01-27,https://www.lamudi.com.mx,Phone: 1294117647
2026-01-27,https://www.immobilienscout24.de,Phone: 35000000000002
2026-01-27,https://www.century21.com,No Data Found
2026-01-27,https://www.coldwellbanker.com,Phone: 74999999999999
2026-01-27,https://www.compass.com,Phone: 000000000000
2026-01-27,https://www.exprealty.com,Price: 1$ | Phone: 1075134436 | Email: info@exprealty.net
2026-01-27,https://www.era.com,No Data Found
2026-01-27,https://www.maersk.com,Phone: 1163233195
2026-01-27,https://www.one-line.com,Phone: 3514651731
2026-01-27,https://www.evergreen-marine.com,Phone: 1769255199364
2026-01-27,https://www.yangming.com,Phone: 2144895624
2026-01-27,https://www.wanhai.com,Phone: 28176948265535
2026-01-27,https://www.coscoshipping.com,Phone: 67360744682860
2026-01-27,https://www.pilship.com,Phone: 1769111356
2026-01-27,https://www.zim.com,Phone: 10327251022105 | Email: nl.booking@zim.com
2026-01-27,https://www.kline.co.jp,Phone: 80911016682239
2026-01-27,https://www.nykline.com,No Data Found
2026-01-27,https://www.mol.co.jp,Phone: 11414367688910
2026-01-27,https://www.fedex.com,Phone: 1769482676
2026-01-27,https://www.kuehne-nagel.com,Phone: 20085888091874
2026-01-27,https://www.dbschenker.com,Phone: 4864541780
2026-01-27,https://www.dsv.com,Phone: 4827586207
2026-01-27,https://www.expeditors.com,Phone: 13323244557750
2026-01-27,https://www.panalpina.com,Phone: 4827586207
2026-01-27,https://www.geodis.com,Email: PHOTO%20PRESSE%20_Projet%20acquisition%20Malherbe%20_%20credit%20@GEODIS.jpg
2026-01-27,https://www.agility.com,Phone: 54070481176948
2026-01-27,https://www.tollgroup.com,Phone: 1542981659
2026-01-27,https://www.nipponexpress.com,No Data Found
2026-01-27,https://www.hellmann.com,Phone: 1768820109
2026-01-27,https://www.dachser.com,Phone: 1769008599
2026-01-27,https://www.mainfreight.com,Phone: 5655133013 | Email: logo-header@2x.png
2026-01-27,https://www.xpo.com,No Data Found
2026-01-27,https://www.chrobinson.com,Phone: 95014310110
2026-01-27,https://www.hubgroup.com,Email: hero_bluebird-home@2x-80-scaled.jpg
2026-01-27,https://www.jbhunt.com,Phone: 1745513542586
2026-01-27,https://www.swifttrans.com,Phone: 8664373050 | Email: newclaims@swifttrans.com
2026-01-27,https://www.knighttrans.com,Price: 1$ | Phone: 1767720826 | Email: contact@knighttrans.com
2026-01-27,https://www.arcbest.com,Email: vjt@maddmail.com
2026-01-27,https://www.olddominion.com,Phone: 1626175347093
2026-01-27,https://www.saia.com,No Data Found
2026-01-27,https://www.yellowcorp.com,Phone: 1686289764
2026-01-27,https://www.estess.com,Phone: 1661888764 | Email: evamaria.riml@estess.eu
2026-01-27,https://www.abfs.com,Phone: 1668140917
2026-01-27,https://www.rlcarriers.com,Price: 00$ | Phone: 63903223776000
2026-01-27,https://www.pittohio.com,No Data Found
2026-01-27,https://www.southeasternfreight.com,No Data Found
2026-01-27,https://www.daytonfreight.com,Phone: 12971285707528
2026-01-27,https://www.oakharborfreight.com,No Data Found
2026-01-27,https://www.wardtrucking.com,No Data Found
2026-01-27,https://www.damacproperties.com,Phone: +97145205400 | Email: connect@damacgroup.com
2026-01-27,https://www.emaar.com,Phone: 1445056033
2026-01-27,https://www.nakheel.com,Phone: 63883466872000
2026-01-27,https://www.sobharealty.com,Phone: 6453471270
2026-01-27,https://www.meraas.com,Phone: 56717415883
2026-01-27,https://www.aldar.com,Phone: 49965378296 | Email: customercare@aldar.com
2026-01-27,https://www.modon.ae,Phone: 11339056685566
2026-01-27,https://www.bloomholding.com,Phone: 12469662991854
2026-01-27,https://www.imkan.ae,Email: hello@imkan.ae
2026-01-27,https://www.realtor.ca,No Data Found
2026-01-27,https://www.zolo.ca,Phone: 685809764523
2026-01-27,https://www.purplebricks.co.uk,Phone: 26562547770
2026-01-27,https://www.savills.com,Price: 1$ | Phone: 1493660507
2026-01-27,https://www.jll.com,Phone: 00000000256138
2026-01-27,https://www.avisonyoung.com,Phone: 1769355140470
2026-01-27,https://www.cushmanwakefield.com,Phone: 63900592340651
2026-01-27,https://www.marcusmillichap.com,Phone: 63904527310864
2026-01-27,https://www.stifel.com,Phone: 1337753137
2026-01-27,https://www.eastdilsecured.com,Phone: 1709572541 | Email: shutterstock-300596159-2@2x-1000x1420.jpg
2026-01-27,https://www.berkadia.com,Price: 1$ | Phone: 1768375212
2026-01-27,https://www.greysteel.com,Phone: 3333333333
2026-01-27,https://www.hodgeswardelliott.com,Email: home-header@2x.jpg
2026-01-27,https://www.ngkf.com,Phone: 165988852295 | Email: digital@nmrk.com
2026-01-27,https://www.transwestern.com,Price: 00$ | Phone: 23183962396093
2026-01-27,https://www.lee-associates.com,Price: 1$ | Phone: 09980916030534
2026-01-27,https://www.kidder.com,Phone: 8774543337
2026-01-27,https://www.voitco.com,Phone: 1583350166621
2026-01-27,https://www.daumcommercial.com,Phone: 90986518897
2026-01-27,https://www.naiglobal.com,Price: 1$ | Phone: 1731703618
2026-01-27,https://www.svn.com,Phone: 933480474026 | Email: logo-tag@2x.png
2026-01-27,https://www.kwcommercial.com,Phone: 1648733464
2026-01-27,https://www.remaxcommercial.com,Phone: 1768597207 | Email: 3d-rendering-business-meeting-working-room-office-building1-@2x.jpg
2026-01-27,https://www.coldwellbankercommercial.com,Phone: 1769472000
2026-01-27,https://www.tcnworldwide.com,No Data Found
2026-01-27,https://www.corfac.com,Phone: 8755492947091
2026-01-27,https://www.siorealty.com,No Data Found
2026-01-27,https://www.ccim.com,Phone: 1695934461
2026-01-27,https://www.boma.org,Phone: 1762185667
2026-01-27,https://www.naaop.org,Price: 0$ | Phone: 2545352419 | Email: 605a7baede844d278b89dc95ae0a9123@sentry-next.wixpress.com
2026-01-27,https://www.uli.org,Phone: 2696482005
2026-01-27,https://www.nmhc.org,No Data Found
2026-01-27,https://www.nar.realtor,Phone: 21680533936
2026-01-27,https://www.cre.org,Phone: 1769477688
2026-01-27,https://www.appraisalinstitute.org,Phone: 94478593701 | Email: icon_home-appraiser@2x.png
2026-01-27,https://www.asfmra.org,Price: 00$ | Phone: 63905019864400
2026-01-27,https://www.realtorslandinstitute.com,No Data Found
2026-01-27,https://www.crs.com,Phone: 1679715788000 | Email: crshelp@crs.com
2026-01-27,https://www.sircm.org,Phone: 1756306060
2026-01-27,https://www.wcre.org,Phone: 1565173615296
2026-01-27,https://www.crewnetwork.org,Phone: 1683819455 | Email: laural@crewnetwork.org
2026-01-27,https://www.aareb.org,Phone: 126400788838
2026-01-27,https://www.nahrep.org,Phone: 1766455297763
2026-01-27,https://www.areaa.org,Phone: 6197957873 | Email: contact@areaa.org
2026-01-27,https://www.nreic.org,Phone: 10146493226773
2026-01-27,https://www.realestateexpress.com,Phone: 1725554058349
2026-01-27,https://www.mbitiontolearn.com,Phone: 9016611927
2026-01-27,https://www.atyourpaceonline.com,No Data Found
2026-01-27,https://www.oncourselearning.com,Price: 1$ | Phone: 1767758659
2026-01-27,https://www.proschools.com,Price: 1$ | Phone: 1767758659
2026-01-27,https://www.alliedschools.com,Phone: 7777777778
2026-01-27,https://www.pennfoster.edu,Phone: 63905079874856
2026-01-27,https://www.ashworthcollege.edu,Phone: 11102806368321
2026-01-27,https://www.careerwebschool.com,Phone: 6666666667
2026-01-27,https://www.vaned.com,Phone: 2147483647 | Email: 6351464821293056@360training.com
2026-01-27,https://www.bobhogue.com,Phone: 1649096914
2026-01-27,https://www.cookeschool.com,Phone: 8009439993 | Email: info@cookeschool.com
2026-01-27,https://www.bertrodgers.com,Phone: 8004320320 | Email: info@bertrodgers.com
2026-01-27,https://www.hondros.com,Phone: 26935490439
2026-01-27,https://www.championre.com,No Data Found
2026-01-27,https://www.kaplanrealestate.com,No Data Found
2026-01-27,https://www.firsttuesday.us,Email: customerservice@firsttuesday.us
2026-01-27,https://www.rockwellinstitute.com,Phone: 7777777778
2026-01-27,https://www.superiorrealestateschool.com,No Data Found
2026-01-27,https://www.nyrei.com,Phone: 1767808721
2026-01-27,https://www.licensingschool.com,No Data Found
2026-01-27,https://www.realtyschool.com,Price: 1$ | Phone: 1724289527 | Email: register@realtyschool.com
2026-01-27,https://www.careersinrealestate.com,No Data Found
2026-01-27,https://www.ommp.nat.tn,Phone: 9999999999
2026-01-27,https://www.ctn.com.tn,Phone: 1742387834 | Email: cotunav@ctn.com.tn
2026-01-27,https://www.anp.org.ma,No Data Found
2026-01-27,https://www.marsamaroc.co.ma,Phone: 202141103642
2026-01-27,https://www.asry.net,Phone: +97317671111 | Email: info@asry.net
2026-01-27,https://www.salalahport.com,Phone: 665763672540
2026-01-27,https://www.portofbeirut.com,Email: info@portdebeyrouth.com
2026-01-27,https://www.sczone.eg,Phone: 1602304391863 | Email: logo-footer-white@2x.png
2026-01-27,https://www.wasl.ae,Phone: 97512215282
2026-01-27,https://www.nakheel.com,Phone: 63883466872000
2026-01-27,https://www.meydan.ae,Phone: 63883466872000
2026-01-27,https://www.sobha-me.com,No Data Found
2026-01-27,https://www.damacproperties.com,Phone: +97145205400 | Email: connect@damacgroup.com
2026-01-27,https://www.emaar.com,Phone: 1445056033
2026-01-27,https://www.shuaa.com,Phone: 99999999999999
2026-01-27,https://www.mubadala.com,Phone: 63905080051146 | Email: contact@mubadala.ae
2026-01-27,https://www.adq.ae,Phone: 41666666666666 | Email: investorrelations@adq.ae
2026-01-27,https://www.dmcc.ae,Phone: 179783912332 | Email: setup@dmcc.ae
2026-01-27,https://www.difc.ae,Phone: +97143622222
2026-01-27,https://www.adgm.com,Phone: 1745817733773
2026-01-27,https://www.jafza.ae,Price: 1$ | Phone: 1768405820
2026-01-27,https://www.hfza.ae,Phone: 45556962239769 | Email: info@hfza.ae
2026-01-27,https://www.dpworld.com,Phone: 6675782628 | Email: andrew.taylor@dpworld.com
2026-01-27,https://www.gulftainer.com,Phone: 1768934092 | Email: commercial@gulftainer.com
2026-01-27,https://www.milaha.com,Phone: 61582668380477 | Email: info@milaha.com
2026-01-27,https://www.gwc.com.qa,Phone: 1769483288 | Email: info@gwclogistics.com
2026-01-27,https://www.knightfrank.ae,Phone: 63768692479304 | Email: someone@example.com
2026-01-27,https://www.savills.ae,Price: 1$ | Phone: 1493660507
2026-01-27,https://www.jll-mena.com,Phone: 00000000256138
2026-01-27,https://www.bhomes.com,Phone: 1769482899202 | Email: info@bhomes.com
2026-01-27,https://www.allsoppandallsopp.com,Phone: 20818896529
2026-01-27,https://www.hausandhaus.com,Phone: 2147483647
2026-01-27,https://www.luxuryproperty.com,Phone: 96624222339711 | Email: hello@luxuryproperty.com
2026-01-27,https://www.drivenproperties.com,Phone: 039368049572 | Email: john.doe@example.com
2026-01-27,https://www.bluedart.com,Phone: 17708011584
2026-01-27,https://www.ecomexpress.in,No Data Found
2026-01-27,https://www.pickrr.com,Phone: 1656317566713 | Email: sales@pickrr.com
2026-01-27,https://www.nimbuspost.com,Phone: 1749638872984 | Email: care@nimbuspost.com
2026-01-27,https://www.shipway.in,No Data Found
2026-01-27,https://www.eurosender.com,Phone: 08674912147643 | Email: john@email.com
2026-01-27,https://www.shippo.com,Phone: 662680002605
2026-01-27,https://www.easyship.com,Phone: 9897231366
2026-01-27,https://www.sendcloud.com,Phone: 1768831993
2026-01-27,https://www.packlink.com,Phone: 71428571428571
2026-01-27,https://www.shipstation.com,Phone: 24657440063
2026-01-27,https://www.stamps.com,Phone: 23755770403 | Email: support@stamps.com
2026-01-27,https://www.goshippo.com,Phone: 662680002605
2026-01-27,https://www.shiprocket.in,Phone: 9999999999
2026-01-27,https://www.delhivery.com,No Data Found
2026-01-27,https://www.realtor.ca,Phone: 28176948338266
2026-01-27,https://www.zolo.ca,Phone: 685809764523
2026-01-27,https://www.purplebricks.co.uk,Phone: 26562547770
2026-01-27,https://www.savills.com,Price: 1$ | Phone: 1493660507
2026-01-27,https://www.jll.com,Phone: 00000000256138
2026-01-27,https://www.avisonyoung.com,Phone: 1769355140470
2026-01-27,https://www.cushmanwakefield.com,Phone: 63900591425380
2026-01-27,https://www.marcusmillichap.com,Phone: 63904527310864
2026-01-27,https://www.stifel.com,Phone: 1337753137
2026-01-27,https://www.eastdilsecured.com,Phone: 1709572541 | Email: shutterstock-300596159-2@2x-1000x1420.jpg
2026-01-27,https://www.berkadia.com,Price: 1$ | Phone: 1768375212
2026-01-27,https://www.greysteel.com,Phone: 3333333333
2026-01-27,https://www.hodgeswardelliott.com,Email: home-header@2x.jpg
2026-01-27,https://www.ngkf.com,Phone: 165988852295 | Email: digital@nmrk.com
2026-01-27,https://www.transwestern.com,Price: 00$ | Phone: 23183962396093
2026-01-27,https://www.lee-associates.com,Price: 1$ | Phone: 09980916030534
2026-01-27,https://www.kidder.com,Phone: 8774543337
2026-01-27,https://www.voitco.com,Phone: 1583350166621
2026-01-27,https://www.daumcommercial.com,Phone: 90986518897
2026-01-27,https://www.naiglobal.com,Price: 1$ | Phone: 1731703618
2026-01-27,https://www.svn.com,Phone: 933480474026 | Email: logo-tag@2x.png
2026-01-27,https://www.kwcommercial.com,Phone: 1648733464
2026-01-27,https://www.remaxcommercial.com,Phone: 1768597207 | Email: 3d-rendering-business-meeting-working-room-office-building1-@2x.jpg
2026-01-27,https://www.coldwellbankercommercial.com,Phone: 1769472000
2026-01-27,https://www.sperrycga.com,Phone: 1757089823 | Email: info@sperrycga.com
2026-01-27,https://www.tcnworldwide.com,No Data Found
2026-01-27,https://www.corfac.com,Phone: 8755492947091
2026-01-27,https://www.siorealty.com,No Data Found
2026-01-27,https://www.ccim.com,Phone: 1695934461
2026-01-27,https://www.boma.org,Phone: 1762185667
2026-01-27,https://www.naaop.org,Price: 0$ | Phone: 2545352419 | Email: 605a7baede844d278b89dc95ae0a9123@sentry-next.wixpress.com
2026-01-27,https://www.uli.org,Phone: 2696482005
2026-01-27,https://www.nmhc.org,No Data Found
2026-01-27,https://www.nar.realtor,Phone: 21680533936
2026-01-27,https://www.cre.org,Phone: 1769483483
2026-01-27,https://www.appraisalinstitute.org,Phone: 94478593701 | Email: icon_home-appraiser@2x.png
2026-01-27,https://www.asfmra.org,Price: 00$ | Phone: 63905019864400
2026-01-27,https://www.realtorslandinstitute.com,No Data Found
2026-01-27,https://www.crs.com,Phone: 1679715788000 | Email: crshelp@crs.com
2026-01-27,https://www.sircm.org,Phone: 1756306060
2026-01-27,https://www.wcre.org,Phone: 1565173615296
2026-01-27,https://www.crewnetwork.org,Phone: 1683819455 | Email: laural@crewnetwork.org
2026-01-27,https://www.aareb.org,Phone: 126400788838
2026-01-27,https://www.nahrep.org,Phone: 1766455297763
2026-01-27,https://www.areaa.org,Phone: 6197957873 | Email: contact@areaa.org
2026-01-27,https://www.nreic.org,Phone: 10146493226773
2026-01-27,https://www.realestateexpress.com,Phone: 1725554058349
2026-01-27,https://www.mbitiontolearn.com,Phone: 9016611927
2026-01-27,https://www.atyourpaceonline.com,No Data Found
2026-01-27,https://www.oncourselearning.com,Price: 1$ | Phone: 1767758659
2026-01-27,https://www.proschools.com,Price: 1$ | Phone: 1767758659
2026-01-27,https://www.alliedschools.com,Phone: 7777777778
2026-01-27,https://www.pennfoster.edu,Phone: 63905080329771
2026-01-27,https://www.ashworthcollege.edu,Phone: 11102806368321
2026-01-27,https://www.careerwebschool.com,Phone: 6666666667
2026-01-27,https://www.vaned.com,Phone: 2147483647 | Email: 6351464821293056@360training.com
2026-01-27,https://www.bobhogue.com,Phone: 1649096914
2026-01-27,https://www.cookeschool.com,Phone: 8009439993 | Email: info@cookeschool.com
2026-01-27,https://www.bertrodgers.com,Phone: 8004320320 | Email: info@bertrodgers.com
2026-01-27,https://www.hondros.com,Phone: 26935490439
2026-01-27,https://www.championre.com,No Data Found
2026-01-27,https://www.kaplanrealestate.com,No Data Found
2026-01-27,https://www.firsttuesday.us,Email: customerservice@firsttuesday.us
2026-01-27,https://www.rockwellinstitute.com,Phone: 7777777778
2026-01-27,https://www.superiorrealestateschool.com,No Data Found
2026-01-27,https://www.nyrei.com,Phone: 1767808721
2026-01-27,https://www.licensingschool.com,No Data Found
2026-01-27,https://www.realtyschool.com,Price: 1$ | Phone: 1724289527 | Email: register@realtyschool.com
2026-01-27,https://www.careersinrealestate.com,No Data Found
2026-01-27,https://www.realestate.co.nz,Phone: 22155060078515 | Email: mobile-450@2x.avif
2026-01-27,https://www.property24.com,Phone: 7978480161
2026-01-27,https://www.privateproperty.co.za,No Data Found
2026-01-27,https://www.remax.co.za,Phone: 42653995008
2026-01-27,https://www.pamgolding.co.za,Phone: 05063059107578 | Email: f0104ded0c2b1feb240a18810a984b05@o4505990688669696.ingest.us.sentry.io
2026-01-27,https://www.seeff.com,No Data Found
2026-01-27,https://www.rawson.co.za,Phone: 53746880294445 | Email: logo-rawson-property-group-black-112x26@2x.png
2026-01-27,https://www.jawitz.co.za,Phone: 65449812138866
2026-01-27,https://www.pap.fr,Phone: 1070121634 | Email: v.chalumeau@pap.fr
2026-01-27,https://www.tecnocasa.it,Phone: 20211217125550
2026-01-27,https://www.fotocasa.es,Phone: 41000000000004 | Email: spedbar@gmail.com
2026-01-27,https://www.habitaclia.com,Phone: 801886362762
2026-01-27,https://www.prian.ru,Price: 500$ | Phone: 1707401997 | Email: adv@prian.ru
2026-01-27,https://www.cian.ru,Phone: 2303328127 | Email: u002Fbanner-bg@2x.e6b6c557e44b8141d98a.jpg
2026-01-27,https://www.avito.ru,Phone: 47229251630875
2026-01-27,https://www.realty.yandex.ru,Phone: 8999999999999 | Email: help@realty.yandex.ru
2026-01-27,https://www.mirkvartir.ru,Phone: 7725273015
2026-01-27,https://www.move.ru,Phone: 1115201129
2026-01-27,https://www.beike.com,Phone: 202508151033
2026-01-27,https://www.lianjia.com,Phone: 20260114162759 | Email: jubaoyouxiang@lianjia.com
2026-01-27,https://www.anjuke.com,Phone: 7177616880 | Email: ajk_logo@3x.png
2026-01-27,https://www.fang.com,Phone: 20260122001
2026-01-27,https://www.58.com,No Data Found
2026-01-27,https://www.leju.com,Phone: 58928922853012
2026-01-27,https://www.midland.com.hk,Phone: 33333333333333
2026-01-27,https://www.ricacorp.com,Phone: 1039761040
2026-01-27,https://www.squarefoot.com.hk,Phone: 2026012215540 | Email: squarefoothk@squarefoot.com.hk
2026-01-27,https://www.spacious.hk,Phone: 16513118698896 | Email: 32fdc8c4a8f74970b1e59fb584f81b5c@sentry.io
2026-01-27,https://www.homes.co.jp,Phone: 16681186006550 | Email: libindex@AFKRNN2N.js
2026-01-27,https://www.athome.co.jp,Phone: 20772826925696
2026-01-27,https://www.rehouse.co.jp,Phone: 3333333333 | Email: mail@mail.com
2026-01-27,https://www.99.co,Phone: 10971501417 | Email: hello@99.co
2026-01-27,https://www.srx.com.sg,Phone: 75641623114473
2026-01-27,https://www.ddproperty.com,Phone: 52539883096832 | Email: consultant@theestate-thailand.com
2026-01-27,https://www.dsv.com/en-ae,Phone: 4827586207
2026-01-27,https://www.hellmann.com/en,Phone: 1768820109
2026-01-27,https://www.dachser.ae/en,Phone: 1769008599
2026-01-27,https://www.expeditors.com,Phone: 13323244557750
2026-01-27,https://www.panalpina.com,Phone: 4827586207
2026-01-27,https://www.nipponexpress.com,No Data Found
2026-01-27,https://www.logwin-logistics.com,Phone: 1750073908
2026-01-27,https://www.mainfreight.com,Phone: 13228449435 | Email: logo-header@2x.png
2026-01-27,https://www.agilitylogistics.com,Phone: 58725126176948
2026-01-27,https://www.gls-group.com,Phone: 1768919007424
2026-01-27,https://www.hermesworld.com,Phone: 1769413800783
2026-01-27,https://www.dpd.com,Phone: 75171398898 | Email: dpd@dpd.hu
2026-01-27,https://www.fedex.com/ae,Phone: 1769483993
2026-01-27,https://www.smsaexpress.com,Phone: 9456874664
2026-01-27,https://www.zajil-express.com,Phone: 69737773569898 | Email: marketing@zajil-express.com
2026-01-27,https://www.naqelexpress.com,Phone: 8002464444 | Email: care@naqel.com.sa
2026-01-27,https://www.barqexpress.com,No Data Found
2026-01-27,https://www.libanpost.com,Price: 00$ | Phone: 2701260320
2026-01-27,https://www.omanpost.om,Phone: 29891424983
2026-01-27,https://www.jordanpost.com.jo,No Data Found
2026-01-27,https://www.asendia.com,Phone: 32903818564 | Email: Image%206@2x.png
2026-01-27,https://www.landmar.com,No Data Found
2026-01-27,https://www.seur.com,Phone: 601891075623
2026-01-27,https://www.correos.es,Phone: 1272337042
2026-01-27,https://www.usps.com,Phone: 10850135584863
2026-01-27,https://www.sothebysrealty.ae,Phone: 3190030726 | Email: rs@sothebysrealty.ae
2026-01-27,https://www.engelvoelkers.com,Phone: +4940361310 | Email: contact@engelvoelkers.com
2026-01-27,https://www.knightfrank.com.sa,Price: 00$ | Phone: 63905080926804
2026-01-27,https://www.savills.sa,Price: 1$ | Phone: 1493660507
2026-01-27,https://www.jll-mena.com/sa,Phone: 00000000256138
2026-01-27,https://www.eraegypt.com,No Data Found
2026-01-27,https://www.mountainviewegypt.com,Phone: 703070281395 | Email: info@mountainviewegypt.com
2026-01-27,https://www.sodic.com,Phone: 4751168685 | Email: mdimitri@sodic.com
2026-01-27,https://www.palmhillsdevelopments.com,Phone: 99999999999 | Email: ex@gmail.com
2026-01-27,https://www.talaatmoustafa.com,Phone: 1743949846 | Email: mail@domain.com
2026-01-27,https://www.hydeparkegypt.com,No Data Found
2026-01-27,https://www.lmd.com.eg,Phone: 09032025124537
2026-01-27,https://www.hassanallam.com,Phone: 1684913968332 | Email: info@hassanallam.com
2026-01-27,https://www.daralarkan.com,Phone: 20170626083737
2026-01-27,https://www.redseahousing.com,Price: 01$ | Phone: +97148838589 | Email: info@redseainternational.com
2026-01-27,https://www.alkathiriholding.com,Phone: 1766512503 | Email: info@alkathiriholding.com
2026-01-27,https://www.kinan.com.sa,Phone: 33079365818
2026-01-27,https://www.retal.com.sa,Phone: 1762410779 | Email: appadmin@retal.com.sa
2026-01-27,https://www.sumou.com.sa,Phone: 1764328730 | Email: names@4x.png
2026-01-27,https://www.taiba.com.sa,Phone: 17804939349
2026-01-27,https://www.riyadcapital.com,Phone: 10319250807130 | Email: ask@riyadcapital.com
2026-01-27,https://www.jadwa.com,Phone: 75245369606005
2026-01-27,https://www.derayah.com,No Data Found
2026-01-27,https://www.musharaka.co,Phone: 2051056409
2026-01-27,https://www.sedcocapital.com,Phone: 1751206967
2026-01-27,https://www.alrajhicapital.com,No Data Found
2026-01-27,https://www.sidracapital.com,Price: 78 SAR | Phone: 15637597219147 | Email: info@sidracap.com
2026-01-27,https://www.albilad-capital.com,Price: 104$ | Phone: 20676574536573
2026-01-27,https://www.snbcapital.com,Phone: 1768936526000
2026-01-27,https://www.fransicapital.com,No Data Found
2026-01-27,https://www.chavesnamao.com.br,Phone: 0705882353 | Email: contato@chavesnamao.com.br
2026-01-27,https://www.funda.nl,No Data Found
2026-01-27,https://www.pararius.com,Phone: 85572029787278
2026-01-27,https://www.immobilien.net,Phone: 0012000001
2026-01-27,https://www.otodom.pl,Price: 1$ | Phone: 14908563844826 | Email: 6c4675ab868d06ef702e62aaf3fd60fd@o1338151.ingest.sentry.io
2026-01-27,https://www.olx.pl,Price: 1 $ | Phone: 1686271285543 | Email: pomoc@olx.pl
2026-01-27,https://www.domiporta.pl,Phone: 7274267968 | Email: logotype_m@2x.png
2026-01-27,https://www.bezrealitky.cz,Phone: 34185102956359 | Email: info@bezrealitky.cz
2026-01-27,https://www.sreality.cz,Phone: 88213288078 | Email: muj@email.cz
2026-01-27,https://www.immobilien.de,Phone: 1767690626806
2026-01-27,https://www.ebay-kleinanzeigen.de,Price: 22$ | Phone: 12902618378875
2026-01-27,https://www.quoka.de,Phone: 88080723984056
2026-01-27,https://www.kijiji.it,Phone: 10000141801310
2026-01-27,https://www.casa.sapo.pt,Phone: 16627707009299 | Email: NoImg280x210@2x.jpg
2026-01-27,https://www.custojusto.pt,Phone: 80613198944393
2026-01-27,https://www.xe.gr,Price: 1$ | Phone: 1752680588 | Email: help@xe.gr
2026-01-27,https://www.propertyfinder.qa,Phone: +97466160372
2026-01-27,https://www.mubawab.ma,Phone: 2126653735
2026-01-27,https://www.avito.ma,Phone: 33333333333333 | Email: exemple@domaine.com
2026-01-27,https://www.tayara.tn,Phone: 41474218810 | Email: sb@century21.tn
2026-01-27,https://www.ouedkniss.com,Phone: 65595873455312
2026-01-27,https://www.olx.com.eg,No Data Found
2026-01-27,https://www.bayut.sa,Price: 000 SAR | Phone: 9892833785 | Email: support@bayut.com
2026-01-27,https://www.opensooq.com,Phone: 75441424795917 | Email: payment@opensooq.com
2026-01-27,https://www.haraj.com.sa,Phone: 45035996294954 | Email: app-store-badge@2x.webp
2026-01-27,https://www.zaahib.com,Phone: 52282041788454 | Email: tawasuly@gmail.com
2026-01-27,https://www.mazad.com.sa,Phone: 1769480643 | Email: info@mazad.com.sa
2026-01-27,https://www.deal.com.sa,Phone: 9444444444444 | Email: dealuser33@gmail.com
2026-01-27,https://www.saudire.com,Email: example@domain.com
2026-01-27,https://www.coldwellbanker.com,Phone: 74999999999999
2026-01-27,https://www.century21.com,No Data Found
2026-01-27,https://www.era.com,No Data Found
2026-01-27,https://www.compass.com,Phone: 000000000000
2026-01-27,https://www.exprealty.com,Price: 1$ | Phone: 1075134436 | Email: info@exprealty.net
2026-01-27,https://www.zillow.com,Phone: 1769484400916 | Email: a0dfc4d25bb843acb944ff1d115fd1b2@o168728.ingest.sentry.io
2026-01-27,https://www.rightmove.co.uk,Phone: 2147483647
2026-01-27,https://www.onthemarket.com,Phone: 6666666666 | Email: home-top-locations-mcguiness@2x.jpg
2026-01-27,https://www.landsearch.com,Price: 10 $ | Phone: 21792599872854 | Email: glyphs@2.svg
2026-01-27,https://www.landhub.com,Phone: 2318767468
2026-01-27,https://www.landflip.com,Phone: 1756223549567
2026-01-27,https://www.bremer.com,Phone: 61774581315665
2026-01-27,https://www.naiop.org,Phone: 1148748321 | Email: someone@example.com
2026-01-27,https://www.siorealty.com,No Data Found
2026-01-27,https://www.ccim.com,Phone: 1695934461
2026-01-27,https://www.boma.org,Phone: 1762185667
2026-01-27,https://www.nmhc.org,No Data Found
2026-01-27,https://www.nar.realtor,Phone: 21680533936
2026-01-27,https://www.cre.org,Phone: 1769483483
2026-01-27,https://www.appraisalinstitute.org,Phone: 94478593701 | Email: icon_home-appraiser@2x.png
2026-01-27,https://www.realtorslandinstitute.com,No Data Found
2026-01-27,https://www.crs.com,Phone: 1679715788000 | Email: crshelp@crs.com
2026-01-27,https://www.wcre.org,Phone: 1565173615296
2026-01-27,https://www.crewnetwork.org,Phone: 1683819455 | Email: laural@crewnetwork.org
2026-01-27,https://www.aareb.org,Phone: 126400788838
2026-01-27,https://www.nahrep.org,Phone: 1766455297763
2026-01-27,https://www.areaa.org,Phone: 6197957873 | Email: contact@areaa.org
2026-01-27,https://www.nreic.org,Phone: 10146493226773
2026-01-27,https://www.maersk.com,Phone: 1163233195
2026-01-27,https://www.one-line.com,Phone: 3514651731
2026-01-27,https://www.evergreen-marine.com,Phone: 1769255320023
2026-01-27,https://www.yangming.com,Phone: 2144895624
2026-01-27,https://www.hmm21.com,No Data Found
2026-01-27,https://www.wanhai.com,Phone: 28176948449699
2026-01-27,https://www.coscoshipping.com,Phone: 67360744682879
2026-01-27,https://www.pilship.com,Phone: 1769111356
2026-01-27,https://www.zim.com,Phone: 10327251022105 | Email: nl.booking@zim.com
2026-01-27,https://www.kline.co.jp,Phone: 80911016682239
2026-01-27,https://www.nykline.com,No Data Found
2026-01-27,https://www.mol.co.jp,Phone: 11414367688910
2026-01-27,https://www.fedex.com,Phone: 1769484512
2026-01-27,https://www.kuehne-nagel.com,Phone: 20085888091874
2026-01-27,https://www.dbschenker.com,Phone: 4864541780
2026-01-27,https://www.dsv.com,Phone: 4827586207
2026-01-27,https://www.expeditors.com,Phone: 13323244557750
2026-01-27,https://www.panalpina.com,Phone: 4827586207
2026-01-27,https://www.geodis.com,Email: PHOTO%20PRESSE%20_Projet%20acquisition%20Malherbe%20_%20credit%20@GEODIS.jpg
2026-01-27,https://www.agility.com,Phone: 79694429176948
2026-01-27,https://www.tollgroup.com,Phone: 1542981659
2026-01-27,https://www.nipponexpress.com,No Data Found
2026-01-27,https://www.hellmann.com,Phone: 1768820109
2026-01-27,https://www.dachser.com,Phone: 1769008599
2026-01-27,https://www.mainfreight.com,Phone: 5655133013 | Email: logo-header@2x.png
2026-01-27,https://www.xpo.com,No Data Found
2026-01-27,https://www.chrobinson.com,Phone: 95014310110
2026-01-27,https://www.hubgroup.com,Email: hero_bluebird-home@2x-80-scaled.jpg
2026-01-27,https://www.jbhunt.com,Phone: 1745513542586
2026-01-27,https://www.swifttrans.com,Phone: 8664373050 | Email: newclaims@swifttrans.com
2026-01-27,https://www.knighttrans.com,Price: 1$ | Phone: 1767720826 | Email: contact@knighttrans.com
2026-01-27,https://www.arcbest.com,Email: vjt@maddmail.com
2026-01-27,https://www.olddominion.com,Phone: 1626175347093
2026-01-27,https://www.saia.com,No Data Found
2026-01-27,https://www.yellowcorp.com,Phone: 1686289764
2026-01-27,https://www.estess.com,Phone: 1661888764 | Email: evamaria.riml@estess.eu
2026-01-27,https://www.abfs.com,No Data Found
2026-01-27,https://www.rlcarriers.com,Price: 00$ | Phone: 63903933592000
2026-01-27,https://www.pittohio.com,No Data Found
2026-01-27,https://www.southeasternfreight.com,No Data Found
2026-01-27,https://www.daytonfreight.com,Phone: 12971285707528
2026-01-27,https://www.oakharborfreight.com,No Data Found
2026-01-27,https://www.wardtrucking.com,No Data Found
2026-01-27,https://www.damacproperties.com,Phone: +97145205400 | Email: connect@damacgroup.com
2026-01-27,https://www.emaar.com,Phone: 1445056033
2026-01-27,https://www.nakheel.com,Phone: 63883466872000
2026-01-27,https://www.sobharealty.com,Phone: 6453471270
2026-01-27,https://www.meraas.com,Phone: 56717415883
2026-01-27,https://www.aldar.com,Phone: 49965378296 | Email: customercare@aldar.com
2026-01-27,https://www.modon.ae,Phone: 11339056685566
2026-01-27,https://www.bloomholding.com,Phone: 12469662991854
2026-01-27,https://www.imkan.ae,Email: hello@imkan.ae
2026-01-27,https://www.realtor.ca,No Data Found
2026-01-27,https://www.purplebricks.co.uk,Phone: 26562547770
2026-01-27,https://www.savills.com,Price: 1$ | Phone: 1493660507
2026-01-27,https://www.jll.com,Phone: 00000000256138
2026-01-27,https://www.avisonyoung.com,Phone: 1769354817885
2026-01-27,https://www.cushmanwakefield.com,Phone: 63900592340651
2026-01-27,https://www.marcusmillichap.com,Phone: 63904527310864
2026-01-27,https://www.stifel.com,Phone: 1337753137
2026-01-27,https://www.eastdilsecured.com,Phone: 1709572541 | Email: shutterstock-300596159-2@2x-1000x1420.jpg
2026-01-27,https://www.berkadia.com,Price: 1$ | Phone: 1768375212
2026-01-27,https://www.greysteel.com,Phone: 3333333333
2026-01-27,https://www.hodgeswardelliott.com,Email: home-header@2x.jpg
2026-01-27,https://www.ngkf.com,Phone: 165988852295 | Email: digital@nmrk.com
2026-01-27,https://www.transwestern.com,Price: 00$ | Phone: 23183962396093
2026-01-27,https://www.lee-associates.com,Price: 1$ | Phone: 09980916030534
2026-01-27,https://www.kidder.com,Phone: 8774543337
2026-01-27,https://www.voitco.com,Phone: 1583350166621
2026-01-27,https://www.daumcommercial.com,Phone: 90986518897
2026-01-27,https://www.naiglobal.com,Price: 1$ | Phone: 1731703618
2026-01-27,https://www.svn.com,Phone: 933480474026 | Email: logo-tag@2x.png
2026-01-27,https://www.kwcommercial.com,Phone: 1648733464
2026-01-27,https://www.remaxcommercial.com,Phone: 1768597207 | Email: 3d-rendering-business-meeting-working-room-office-building1-@2x.jpg
2026-01-27,https://www.coldwellbankercommercial.com,Phone: 1769472000
2026-01-27,https://www.sperrycga.com,Phone: 1757089823 | Email: info@sperrycga.com
2026-01-27,https://www.tcnworldwide.com,No Data Found
2026-01-27,https://www.corfac.com,Phone: 8755492947091
2026-01-27,https://www.siorealty.com,No Data Found
2026-01-27,https://www.ccim.com,Phone: 1695934461
2026-01-27,https://www.boma.org,Phone: 1762185667
2026-01-27,https://www.naaop.org,Price: 0$ | Phone: 2545352419 | Email: 605a7baede844d278b89dc95ae0a9123@sentry-next.wixpress.com
2026-01-27,https://www.uli.org,Phone: 2696482005
2026-01-27,https://www.nmhc.org,No Data Found
2026-01-27,https://www.nar.realtor,Phone: 21680533936
2026-01-27,https://www.cre.org,Phone: 1769483483
2026-01-27,https://www.appraisalinstitute.org,Phone: 94478593701 | Email: icon_home-appraiser@2x.png
2026-01-27,https://www.asfmra.org,Price: 00$ | Phone: 63905019864400
2026-01-27,https://www.realtorslandinstitute.com,No Data Found
2026-01-27,https://www.crs.com,Phone: 1679715788000 | Email: crshelp@crs.com
2026-01-27,https://www.sircm.org,Phone: 1756306060
2026-01-27,https://www.wcre.org,Phone: 1565173615296
2026-01-27,https://www.crewnetwork.org,Phone: 1683819455 | Email: laural@crewnetwork.org
2026-01-27,https://www.aareb.org,Phone: 126400788838
2026-01-27,https://www.nahrep.org,Phone: 1766455297763
2026-01-27,https://www.areaa.org,Phone: 6197957873 | Email: contact@areaa.org
2026-01-27,https://www.nreic.org,Phone: 10146493226773
2026-01-27,https://www.realestateexpress.com,Phone: 1725554058349
2026-01-27,https://www.mbitiontolearn.com,Phone: 9016611927
2026-01-27,https://www.atyourpaceonline.com,No Data Found
2026-01-27,https://www.oncourselearning.com,Price: 1$ | Phone: 1767758659
2026-01-27,https://www.proschools.com,Price: 1$ | Phone: 1767758659
2026-01-27,https://www.alliedschools.com,Phone: 7777777778
2026-01-27,https://www.pennfoster.edu,Phone: 63905081608158
2026-01-27,https://www.ashworthcollege.edu,Phone: 11102806368321
2026-01-27,https://www.careerwebschool.com,Phone: 6666666667
2026-01-27,https://www.vaned.com,Phone: 2147483647 | Email: 6351464821293056@360training.com
2026-01-27,https://www.bobhogue.com,Phone: 1649096914
2026-01-27,https://www.cookeschool.com,Phone: 8009439993 | Email: info@cookeschool.com
2026-01-27,https://www.bertrodgers.com,Phone: 8004320320 | Email: info@bertrodgers.com
2026-01-27,https://www.moseley.org,Phone: 21166860887367 | Email: ceo@moseley.org
2026-01-27,https://www.hondros.com,Phone: 26935490439
2026-01-27,https://www.championre.com,Phone: 6978322251
2026-01-27,https://www.kaplanrealestate.com,No Data Found
2026-01-27,https://www.firsttuesday.us,Email: customerservice@firsttuesday.us
2026-01-27,https://www.rockwellinstitute.com,Phone: 7777777778
2026-01-27,https://www.superiorrealestateschool.com,No Data Found
2026-01-27,https://www.nyrei.com,Phone: 1767808721
2026-01-27,https://www.licensingschool.com,No Data Found
2026-01-27,https://www.realtyschool.com,Price: 1$ | Phone: 1724289527 | Email: register@realtyschool.com
2026-01-27,https://www.careersinrealestate.com,No Data Found
2026-01-27,https://www.egypt-realestate.com,No Data Found
2026-01-27,https://www.aqarmap.com.eg,Phone: +201006674484 | Email: support@aqarmap.com
2026-01-27,https://www.realestate.eg,Price: 8,750,000 EGP | Phone: 8571428571
2026-01-27,https://www.nuca.gov.eg,No Data Found
2026-01-27,https://www.gafi.gov.eg,Price: 777$ | Phone: 63734684424250 | Email: ahmed.hashem@gafinet.org.eg
2026-01-27,https://www.safagaport.com,Phone: 1767978793
2026-01-27,https://www.portofbeirut.com,Email: info@portdebeyrouth.com
2026-01-27,https://www.lebanonrealestate.com,No Data Found
2026-01-27,https://www.propertyfinder.com.lb,Price: 1,500 USD | Phone: 9611512171 | Email: infoleb@raywhite.com.lb
2026-01-27,https://www.opensooq.com/jo,Phone: 75441424795917 | Email: payment@opensooq.com
2026-01-27,https://www.bayut.jo,Phone: 7453549918032
2026-01-27,https://www.ase.com.jo,Phone: 014479011219
2026-01-27,https://www.sdc.com.jo,Phone: 182694275562 | Email: info@sdc.com.jo
2026-01-27,https://www.mof.gov.jo,Price: 98EGP | Phone: 63894231880531
2026-01-27,https://www.customs.gov.jo,Price: 00$ | Phone: 63894231880531
2026-01-27,https://www.aqabazone.com,Phone: 0096265008080
2026-01-27,https://www.adc.jo,No Data Found
2026-01-27,https://www.mubawab.tn,Phone: 2126653735
2026-01-27,https://www.afh.nat.tn,Phone: 1769417775 | Email: afh@afh.nat.tn
2026-01-27,https://www.ctn.com.tn,Phone: 1742387834 | Email: cotunav@ctn.com.tn
2026-01-27,https://www.ommp.nat.tn,Phone: 9999999999
2026-01-27,https://www.lkeria.com,No Data Found
2026-01-27,https://www.dz-immobilier.com,Phone: 1801021064
2026-01-27,https://www.baytic.com,Phone: 1693235482
2026-01-27,https://www.mpt.gov.dz,Phone: 1702370813376 | Email: contact@mpt.gov.dz
2026-01-27,https://www.douane.gov.dz,Phone: 1658401132
2026-01-27,https://www.mubawab.ma,Phone: 2126653735
2026-01-27,https://www.anp.org.ma,No Data Found
2026-01-27,https://www.marsamaroc.co.ma,Phone: 202141103642
2026-01-27,https://www.propertyfinder.qa,Phone: +97466160372
2026-01-27,https://www.bayut.qa,Price: 000 EGP | Phone: 2147483647
2026-01-27,https://www.qatarliving.com/real-estate,Phone: 28265264193864 | Email: info@directqatar.com
2026-01-27,https://www.mm.gov.qa,Phone: 18525943241841
2026-01-27,https://www.customs.gov.qa,Price: 750$ | Phone: 63861097996520 | Email: sweetalert2@8.js
2026-01-27,https://www.qterminals.com,Phone: 1769489243 | Email: info@QTerminals.com
2026-01-27,https://www.milaha.com,Phone: 61582668380477 | Email: info@milaha.com
2026-01-27,https://www.gwc.com.qa,Phone: 1769489246 | Email: info@gwclogistics.com
2026-01-27,https://www.propertyfinder.bh,Phone: +97316191239
2026-01-27,https://www.bayut.bh,Phone: 90351194916
2026-01-27,https://www.weetas.com,No Data Found
2026-01-27,https://www.bahrainpropertyworld.com,Phone: +97316191239
2026-01-27,https://www.slrb.gov.bh,Phone: 97317507000 | Email: info@slrb.gov.bh
2026-01-27,https://www.edamah.com,Phone: 1706117831680 | Email: down-arrow-white@3x.svg
2026-01-27,https://www.bahraincustoms.gov.bh,Phone: +97317389999 | Email: customerservice@customs.gov.bh
2026-01-27,https://www.asry.net,Phone: +97317671111 | Email: info@asry.net
2026-01-27,https://www.apmterminals.com/bahrain,Phone: 19892400114
2026-01-27,https://www.bas.com.bh,Phone: 114091909643 | Email: info@bas.com.bh
2026-01-27,https://www.bayut.om,Phone: 9892833785
2026-01-27,https://www.housing.gov.om,No Data Found
2026-01-27,https://www.customs.gov.om,Phone: 622091622091 | Email: info@customs.gov.om
2026-01-27,https://www.salalahport.com,Phone: 665763672540
2026-01-27,https://www.bayut.com.kw,Phone: 13174007771693
2026-01-27,https://www.olx.com.kw,No Data Found
2026-01-27,https://www.customs.gov.kw,Phone: +96524955000 | Email: info@customs.gov.kw
2026-01-27,https://www.kptc.com.kw,Phone: 68599204838 | Email: info@kptc.com.kw
2026-01-27,https://www.jll-mena.com/kw,Phone: 00000000256138
2026-01-27,https://www.crexi.com/kw,Phone: 1768269045708
2026-01-27,https://www.bremer.com/kw,Phone: 61774581315665
2026-01-27,https://www.siorealty.com/kw,No Data Found
2026-01-27,https://www.irem.org/kw,Price: 01$ | Phone: 63904612418000 | Email: donottreply@irem.org
2026-01-27,https://www.nmhc.org/kw,No Data Found
2026-01-27,https://www.realtorslandinstitute.com/kw,No Data Found
2026-01-27,https://www.areaa.org/kw,No Data Found
2026-01-27,https://www.wanhai.com/kw,Phone: 28176948963408
2026-01-27,https://www.coscoshipping.com/kw,Phone: 67360744682884
2026-01-27,https://www.pilship.com/kw,Phone: 1757993061
2026-01-27,https://www.mol.co.jp/kw,No Data Found
2026-01-27,https://www.fedex.com/kw,Phone: 1769489649
2026-01-27,https://www.panalpina.com/kw,Phone: 4827586207
2026-01-27,https://www.tollgroup.com/kw,Phone: 57283275955
2026-01-27,https://www.hellmann.com/kw,Phone: 1768820109
2026-01-27,https://www.saia.com/kw,No Data Found
2026-01-27,https://www.abfs.com/kw,Phone: 1769489746
2026-01-27,https://www.southeasternfreight.com/kw,No Data Found
2026-01-27,https://www.daytonfreight.com/kw,Phone: 12971285707528
2026-01-27,https://www.oakharborfreight.com/kw,No Data Found
2026-01-27,https://www.damacproperties.com/kw,Phone: +97145205400 | Email: connect@damacgroup.com
2026-01-27,https://www.meraas.com/kw,Phone: 70515301586
2026-01-27,https://www.realtor.ca/kw,No Data Found
2026-01-27,https://www.jll.com/kw,Phone: 00000000256138
2026-01-27,https://www.eastdilsecured.com/kw,Phone: 1709572541 | Email: shutterstock-300596159-2@2x-1000x1420.jpg
2026-01-27,https://www.greysteel.com/kw,No Data Found
2026-01-27,https://www.kidder.com/kw,Phone: 9259051113 | Email: louis.kwok@kidder.com
2026-01-27,https://www.svn.com/kw,Phone: 933480474026 | Email: logo-tag@2x.png
2026-01-27,https://www.kwcommercial.com/kw,Phone: 1648733464
2026-01-27,https://www.siorealty.com/kw,No Data Found
2026-01-27,https://www.irem.org/kw,Price: 01$ | Phone: 63904612418000 | Email: donottreply@irem.org
2026-01-27,https://www.nmhc.org/kw,No Data Found
2026-01-27,https://www.asfmra.org/kw,Price: 2EGP | Phone: 63905019864400
2026-01-27,https://www.realtorslandinstitute.com/kw,No Data Found
2026-01-27,https://www.areaa.org/kw,No Data Found
2026-01-27,https://www.proschools.com/kw,Price: 1$ | Phone: 1767758659
2026-01-27,https://www.careerwebschool.com/kw,Phone: 9016611927 | Email: REsupport@theceshop.com
2026-01-27,https://www.kaplanrealestate.com/kw,No Data Found
2026-01-27,https://www.superiorrealestateschool.com/kw,No Data Found
2026-01-27,https://www.careersinrealestate.com/kw,No Data Found
2026-01-27,https://www.marinetraffic.com/kw,Phone: 21363155632
2026-01-27,https://www.delhivery.com/kw,No Data Found
2026-01-27,https://www.ecomexpress.in/kw,No Data Found
2026-01-27,https://www.pickrr.com/kw,Phone: 1639730525608 | Email: support@pickrr.com
2026-01-27,https://www.deloitte.com/real-estate,Phone: 39157304429940 | Email: kfeucht@deloitte.com
2026-01-27,https://www.jpmorgan.com/real-estate,Phone: 90050569444 | Email: jpmam.info@jpmorgan.com
2026-01-27,https://www.db.com/real-estate,Phone: 1667569717415
2026-01-27,https://www.sumitomocorp.com/real-estate,No Data Found
2026-01-27,https://www.vinci.com,No Data Found
2026-01-27,https://www.eiffage.com,Phone: 1769018131662
2026-01-27,https://www.skanska.com,Phone: 21495510319356
2026-01-27,https://www.hochtief.com,Phone: 1710094660852 | Email: bernd.puetter@hochtief.de
2026-01-27,https://www.strabag.com,Phone: 1231544546 | Email: pr@strabag.com
2026-01-27,https://www.acs.es,No Data Found
2026-01-27,https://www.ferrovial.com,Phone: 1162580405
2026-01-27,https://www.acciona.com,Phone: 20260126132902
2026-01-27,https://www.fcc.es,Phone: 1769454188054
2026-01-27,https://www.bechtel.com,Phone: 1760450743725
2026-01-27,https://www.fluor.com,Phone: 10147701400
2026-01-27,https://www.aecom.com,Phone: 1549074741
2026-01-27,https://www.jacobs.com,Phone: 1769490319
2026-01-27,https://www.stantec.com,Phone: 1769490324 | Email: media@stantec.com
2026-01-27,https://www.mottmac.com,Phone: 1769490340 | Email: london@mottmac.com
2026-01-27,https://www.arup.com,No Data Found
2026-01-27,https://www.ghd.com,Phone: 63905087143676
2026-01-27,https://www.tetratech.com,Phone: 1769465165
2026-01-27,https://www.parsons.com,Phone: 1768003759
2026-01-27,https://www.kbr.com,Phone: 1004224961
2026-01-27,https://www.woodplc.com,Phone: 00000000293852
2026-01-27,https://www.worley.com,Phone: 63905087151078
2026-01-27,https://www.technipfmc.com,Phone: 13342201322937
2026-01-27,https://www.saipem.com,Phone: 1769490354
2026-01-27,https://www.subsea7.com,No Data Found
2026-01-27,https://www.petrofac.com,No Data Found
2026-01-27,https://www.bumiarmada.com,Phone: 1768937019
2026-01-27,https://www.modec.com,No Data Found
2026-01-27,https://www.sbmoffshore.com,Price: 1$ | Phone: 1748442780
2026-01-27,https://www.pif.gov.sa,Phone: 63905087100423
2026-01-27,https://www.adinvest.ae,Price: 1$ | Phone: 5333333333 | Email: service@atom.com
2026-01-27,https://www.qia.qa,Price: 00$ | Phone: 36768594576450 | Email: whistle@qia.qa
2026-01-27,https://www.kia.gov.kw,Phone: 1530824282317
2026-01-27,https://www.mumtalakat.bh,Phone: 1647512496
2026-01-27,https://www.oia.gov.om,Phone: 226129812234 | Email: incidents@oia.gov.om
2026-01-27,https://www.sanabil.com,Phone: 10000000000000
2026-01-27,https://www.hassana.com.sa,Email: info@hassana.com.sa
2026-01-27,https://www.gosi.gov.sa,Phone: 6467094116
2026-01-27,https://www.pension.gov.sa,Phone: 6467094116
2026-01-27,https://www.dfm.ae,Phone: 1666878838 | Email: customerservice@dfm.ae
2026-01-27,https://www.adx.ae,Phone: 10281231207105
2026-01-27,https://www.qe.com.qa,Phone: 1757641456471
2026-01-27,https://www.bahrainbourse.com,Price: 53SAR | Phone: 63894231880531
2026-01-27,https://www.msx.om,Price: 00$ | Phone: 63890167031263
2026-01-27,https://www.egx.com.eg,Phone: 10111011111010
2026-01-27,https://www.casablanca-bourse.com,Phone: 3600784407
2026-01-27,https://www.bvmt.com.tn,Phone: 1769487113
2026-01-27,https://www.sgbv.dz,Phone: 14959900606224
2026-01-27,https://www.ase.com.jo,Phone: 34999999999999
2026-01-27,https://www.listing.ly,No Data Found
2026-01-27,https://www.msci.com,Phone: 3077396403 | Email: alain.lebel@gs.com.au
2026-01-27,https://www.ftserussell.com,Phone: 000000000000
2026-01-27,https://www.cnbc.com,Phone: 1524171804
2026-01-27,https://www.ft.com,Phone: 8860325749
2026-01-27,https://www.economist.com,Price: 1$ | Phone: 19392668734510
2026-01-27,https://www.forbes.com,Phone: 12369484108085 | Email: feedback@forbes.com
2026-01-27,https://www.fortune.com,Phone: 56501027948
2026-01-27,https://www.investopedia.com,Phone: 2257228375
2026-01-27,https://www.morningstar.com,Price: 2SAR | Phone: 202601269648 | Email: reprints@morningstar.com
2026-01-27,https://www.yahoo.com/finance,Phone: 1769490525041
2026-01-27,https://www.google.com/finance,Price: 1$ | Phone: 24593059106400
2026-01-27,https://www.nasdaq.com,Phone: 1769490006
2026-01-27,https://www.nyse.com,Phone: 6596767156 | Email: ListingManager@nyse.com
2026-01-27,https://www.lseg.com,Phone: 1595522484
2026-01-27,https://www.euronext.com,Phone: 0006294274
2026-01-27,https://www.deutsche-boerse.com,Phone: 10329260115094 | Email: info@deutsche-boerse.com
2026-01-27,https://www.jpx.co.jp,Phone: 17527211925745
2026-01-27,https://www.hkex.com.hk,Phone: 8686191545
2026-01-27,https://www.asx.com.au,Phone: 7842899024219
2026-01-27,https://www.tsx.com,Phone: 213932865800
2026-01-27,https://www.b3.com.br,No Data Found
2026-01-27,https://www.jse.co.za,Phone: 19518498394892
2026-01-27,https://www.bseindia.com,Price: 1 USD | Phone: 918369998544 | Email: SENSEX@40-White-Paper.pdf
2026-01-27,https://www.sse.com.cn,Phone: 5407132836
2026-01-27,https://www.twse.com.tw,No Data Found
2026-01-27,https://www.krx.co.kr,Phone: 441723791482
2026-01-27,https://www.sgx.com,Phone: 51002375142769 | Email: asksgx@sgx.com
2026-01-27,https://www.set.or.th,Phone: 63903464468000 | Email: SETContactCenter@set.or.th
2026-01-27,https://www.idx.co.id,Phone: 1723284446924 | Email: user_super_admin@gmail.com
2026-01-27,https://www.pse.com.ph,Phone: 1761225773
2026-01-27,https://www.moex.com,Phone: 12361436658
2026-01-27,https://www.borsaistanbul.com,Phone: 31536000000
2026-01-27,https://www.athexgroup.gr,Phone: 20250515113749
2026-01-27,https://www.bolsasymercados.es,Phone: 1743577205719
2026-01-27,https://www.borsaitaliana.it,Phone: 0123456789
2026-01-27,https://www.six-group.com,Price: 194USD | Phone: 0010871194 | Email: contact@six-group.com
2026-01-27,https://www.wienerborse.at,Phone: 11902619610732
2026-01-27,https://www.nasdaqomxnordic.com,Phone: 1769489590
2026-01-27,https://www.oslobors.no,Phone: 25683910452668 | Email: legaloslo@euronext.com
2026-01-27,https://www.bolsamadrid.es,No Data Found
2026-01-27,https://www.luxse.com,Phone: 416493389454
2026-01-27,https://www.cse.com.cy,Price: 00$ | Phone: 63856871274506 | Email: webinfo@cse.com.cy
2026-01-27,https://www.belex.rs,No Data Found
2026-01-27,https://www.zse.hr,Phone: 84368186611 | Email: vendor@zse.hr
2026-01-27,https://www.ljse.si,Phone: 0026109882
2026-01-27,https://www.bvb.ro,Price: 00$ | Phone: 63852492799299
2026-01-27,https://www.bse-sofia.bg,Price: 6EGP | Phone: 1769450041
2026-01-27,https://www.bse.hu,Phone: 19714816864408
2026-01-27,https://www.pse.cz,Phone: 1768841938
2026-01-27,https://www.nasdaqbaltic.com,No Data Found
2026-01-27,https://www.un.org/en/observances/maritime-day,Phone: 0501050105
2026-01-27,https://www.imo.org,Phone: 7553864511 | Email: info@imo.org
2026-01-27,https://www.wto.org,No Data Found
2026-01-27,https://www.worldbank.org,Phone: 059622805872
2026-01-27,https://www.iru.org,Phone: +41229182700
2026-01-27,https://www.iata.org,Phone: 0123456789
2026-01-27,https://www.fiata.org,Phone: 3145544005
2026-01-27,https://www.un.org,No Data Found
2026-01-27,https://www.imo.org,Phone: 7553864511 | Email: info@imo.org
2026-01-27,https://www.wto.org,No Data Found
2026-01-27,https://www.worldbank.org,Phone: 059622805872
2026-01-27,https://www.iru.org,Phone: +41229182700
2026-01-27,https://www.iata.org,Phone: 0123456789
2026-01-27,https://www.fiata.org,Phone: 3145544005
2026-01-27,https://www.jumia.com.eg/ar/generic-p-15-pro-max-original-unlocked-cell-phone-6.7-inch-smartphones-8gb256gb-48mp-camera-face-id-cellphone-dual-sim-mobile-phones-26993077.html,Price: 69.00 جنيه | Phone: 41365285909294
2026-01-27,https://www.jumia.com.eg/ar/samsung-galaxy-a15-6.5-inch-128gb8gb-dual-sim-mobile-phone-4g-light-blue-56456722.html,Price: 299.00 جنيه | Phone: 41365285909294
